<?xml version="1.0" encoding="UTF-8" standalone="yes"?>
<manifest>
  <control namespace="Dynamics" constructor="OptionSetControl" version="0.0.1" display-name-key="OptionSetControl" description-key="OptionSetControl description" control-type="virtual" api-version="1.3.16">
    <external-service-usage enabled="false"/>
    <property name="optionSetValue" display-name-key="OptionSet Field" description-key="Value of the Choices Control" of-type="OptionSet" usage="bound" required="true"/>
    <property name="configuration" display-name-key="Icon Mapping" description-key="Configuration that maps the choice value to a fluent ui icon. E.g. {&quot;1&quot;:&quot;ContactInfo&quot;,&quot;2&quot;:&quot;Send&quot;}" of-type="Multiple" usage="input" required="true"/>
    <resources>
      <code path="bundle.js" order="1"/>
      <platform-library name="React" version="16.14.0"/>
      <platform-library name="Fluent" version="9.46.2"/>
    </resources>
    <feature-usage/>
    <built-by name="pac" version="1.39.3"/>
  </control>
</manifest>