<?xml version="1.0" encoding="UTF-8" standalone="yes"?>
<manifest>
  <control namespace="Dynamics" constructor="OrderLineItems" version="0.0.1" display-name-key="OrderLineItems" description-key="OrderLineItems description" control-type="virtual" api-version="1.3.15">
    <external-service-usage enabled="false"/>
    <data-set name="DataSet" display-name-key="DataSet" cds-data-set-options="displayCommandBar:true">
      <property-set name="OrderColumn" display-name-key="Sequence" description-key="Field for displaying sequence" of-type="Whole.None" usage="bound" required="true"/>
      <property-set name="OptionSetColorDefined" display-name-key="Option Set with Color Defined" description-key="Option Set field for highlighting the records" of-type="OptionSet" usage="bound" required="false"/>
    </data-set>
    <resources>
      <code path="bundle.js" order="1"/>
      <platform-library name="React" version="16.14.0"/>
      <platform-library name="Fluent" version="8.29.0"/>
      <css path="css/GridStyle.css" order="1"/>
    </resources>
    <feature-usage>
      <uses-feature name="Utility" required="true"/>
      <uses-feature name="WebAPI" required="true"/>
    </feature-usage>
    <built-by name="pac" version="1.38.3"/>
  </control>
</manifest>