<?xml version="1.0" encoding="UTF-8" standalone="yes"?>
<manifest>
  <control namespace="Dynamics" constructor="FancyGrid" version="0.0.1" display-name-key="Fancy_Grid" description-key="Fancy_Grid_Description" control-type="virtual" api-version="1.3.15">
    <external-service-usage enabled="false"/>
    <data-set name="DataSet" display-name-key="Dataset_Display_Key" cds-data-set-options="displayCommandBar:true;displayViewSelector:true;displayQuickFind:true"/>
    <resources>
      <code path="bundle.js" order="1"/>
      <platform-library name="React" version="16.14.0"/>
      <platform-library name="Fluent" version="9.46.2"/>
    </resources>
    <feature-usage>
      <uses-feature name="Utility" required="true"/>
      <uses-feature name="WebAPI" required="true"/>
    </feature-usage>
    <built-by name="pac" version="1.39.3"/>
  </control>
</manifest>